{
  "youden": {
    "thr": 0.19048782162954836
  },
  "high_sensitivity": {
    "thr": 0.12352577516884608
  }
}